"","baseMean","log2FoldChange","lfcSE","stat","pvalue","padj"
"DUOX2",54365.2746067566,-0.14424904153628,0.0302616921090226,-4.76672094265581,1.87248373113598e-06,0.0467053617057247
